user_id,signup_date,country
1,2025-02-25,US
2,2025-03-26,US
3,2024-05-25,CA
4,2025-03-15,UK
5,2024-04-20,UK
6,2025-05-11,UK
7,2025-03-07,US
8,2023-06-26,JP
9,2023-07-18,US
10,2024-12-04,JP
11,2025-04-23,DE
12,2023-12-27,US
13,2024-12-25,US
14,2024-10-16,US
15,2025-06-17,UK
16,2024-04-18,UK
17,2023-12-24,JP
18,2024-06-20,JP
19,2024-01-27,US
20,2023-10-27,JP
21,2023-07-26,UK
22,2023-11-23,JP
23,2024-01-21,DE
24,2024-05-05,UK
25,2023-08-08,DE
26,2023-07-11,JP
27,2024-01-25,CA
28,2024-03-22,US
29,2025-03-02,UK
30,2024-02-12,DE
31,2024-02-27,CA
32,2024-12-30,CA
33,2025-05-10,UK
34,2024-06-06,UK
35,2023-07-02,CA
36,2024-07-07,US
37,2024-12-22,US
38,2023-11-02,DE
39,2024-04-16,US
40,2025-03-02,CA
41,2025-04-11,CA
42,2024-05-23,JP
43,2025-02-28,CA
44,2024-02-05,US
45,2024-01-19,DE
46,2024-08-21,JP
47,2024-05-25,US
48,2023-11-20,DE
49,2025-03-22,US
50,2024-09-05,JP
51,2024-12-25,CA
52,2023-12-18,JP
53,2025-05-13,CA
54,2024-04-24,JP
55,2024-12-14,UK
56,2025-03-06,US
57,2024-10-16,US
58,2023-11-13,UK
59,2025-04-12,CA
60,2023-10-23,US
61,2025-01-03,UK
62,2024-01-19,US
63,2025-02-13,DE
64,2023-12-12,CA
65,2023-08-31,DE
66,2025-01-06,CA
67,2023-12-08,UK
68,2023-10-16,CA
69,2024-11-09,CA
70,2023-10-17,UK
71,2024-01-03,CA
72,2025-03-31,US
73,2025-01-12,JP
74,2024-04-06,UK
75,2024-04-10,JP
76,2024-07-31,UK
77,2025-01-05,UK
78,2024-09-05,DE
79,2025-05-01,DE
80,2023-09-25,CA
81,2025-06-10,JP
82,2024-06-20,UK
83,2024-10-05,CA
84,2024-03-27,US
85,2023-08-27,UK
86,2024-10-11,US
87,2024-11-23,CA
88,2024-07-07,DE
89,2024-02-28,CA
90,2024-07-16,US
91,2024-11-21,UK
92,2024-10-14,JP
93,2024-02-10,CA
94,2024-01-31,UK
95,2024-08-28,DE
96,2023-12-31,DE
97,2023-11-29,DE
98,2024-09-23,UK
99,2023-08-12,CA
100,2023-07-13,UK
101,2025-04-26,UK
102,2025-01-25,JP
103,2025-06-09,JP
104,2025-03-03,CA
105,2025-05-07,JP
106,2024-10-01,DE
107,2023-07-13,JP
108,2025-06-11,DE
109,2024-01-18,CA
110,2025-02-15,UK
111,2024-04-05,UK
112,2023-08-08,JP
113,2023-08-01,DE
114,2025-03-29,US
115,2024-10-17,US
116,2025-03-29,US
117,2023-12-15,UK
118,2025-05-05,UK
119,2023-06-24,DE
120,2023-09-07,JP
121,2025-01-21,US
122,2024-12-02,DE
123,2025-05-07,DE
124,2024-07-08,JP
125,2023-11-28,DE
126,2023-07-12,JP
127,2023-10-08,CA
128,2025-04-08,JP
129,2023-12-27,US
130,2024-05-15,US
131,2025-05-19,JP
132,2024-08-22,CA
133,2024-02-18,CA
134,2024-10-23,US
135,2023-11-17,CA
136,2025-02-03,DE
137,2025-06-04,UK
138,2024-12-19,DE
139,2025-02-02,US
140,2024-02-23,CA
141,2023-11-21,JP
142,2024-08-08,UK
143,2025-01-29,JP
144,2023-11-16,US
145,2024-08-12,CA
146,2024-09-22,JP
147,2025-03-14,JP
148,2025-01-14,UK
149,2023-09-22,UK
150,2023-12-26,CA
151,2023-08-02,UK
152,2024-09-23,JP
153,2024-11-04,JP
154,2025-02-11,US
155,2024-12-09,JP
156,2024-11-30,CA
157,2023-09-30,DE
158,2024-10-01,US
159,2024-01-31,US
160,2025-06-17,CA
161,2025-01-27,CA
162,2023-08-02,UK
163,2023-08-26,US
164,2025-02-03,UK
165,2023-07-03,JP
166,2025-05-06,US
167,2025-03-04,US
168,2024-11-30,DE
169,2024-05-07,US
170,2025-01-17,JP
171,2024-05-31,UK
172,2024-04-06,UK
173,2023-12-21,DE
174,2025-02-25,JP
175,2023-08-20,UK
176,2024-04-23,CA
177,2025-03-07,JP
178,2023-09-30,JP
179,2024-05-30,DE
180,2023-09-24,UK
181,2023-07-07,JP
182,2025-01-27,UK
183,2023-09-09,CA
184,2024-01-18,DE
185,2023-11-28,CA
186,2024-09-14,DE
187,2024-03-14,JP
188,2023-10-29,DE
189,2025-02-26,US
190,2023-09-18,UK
191,2024-11-26,UK
192,2024-11-13,US
193,2024-04-23,CA
194,2024-10-13,US
195,2023-10-04,JP
196,2024-04-27,JP
197,2024-10-06,UK
198,2024-11-26,JP
199,2025-04-19,UK
200,2025-03-25,US
201,2024-09-24,US
202,2024-09-19,US
203,2024-08-01,UK
204,2024-02-24,US
205,2024-11-28,US
206,2023-08-02,CA
207,2024-08-31,US
208,2024-05-26,JP
209,2025-01-06,UK
210,2024-06-20,CA
211,2023-12-29,DE
212,2024-09-05,UK
213,2023-08-20,JP
214,2024-12-01,UK
215,2025-01-12,JP
216,2023-09-01,JP
217,2023-10-29,DE
218,2024-04-20,UK
219,2024-05-10,DE
220,2023-10-04,DE
221,2024-09-07,UK
222,2024-05-24,US
223,2024-09-27,US
224,2024-11-16,DE
225,2023-10-26,CA
226,2024-09-29,DE
227,2024-12-29,DE
228,2023-12-19,DE
229,2025-06-01,US
230,2023-09-18,US
231,2023-11-07,US
232,2024-03-25,DE
233,2024-04-19,CA
234,2025-05-05,US
235,2024-02-11,UK
236,2024-09-02,UK
237,2024-12-15,UK
238,2025-01-04,JP
239,2025-03-31,DE
240,2024-10-23,UK
241,2025-02-27,DE
242,2024-07-10,UK
243,2024-12-30,CA
244,2024-12-29,DE
245,2024-08-18,UK
246,2024-09-12,US
247,2023-07-20,DE
248,2024-05-14,JP
249,2023-12-18,US
250,2025-03-01,US
251,2023-12-28,JP
252,2025-05-23,US
253,2025-02-09,US
254,2024-08-12,UK
255,2024-01-24,UK
256,2023-11-13,DE
257,2023-10-24,DE
258,2025-02-04,DE
259,2025-04-09,UK
260,2024-02-28,DE
261,2024-05-07,US
262,2025-06-06,UK
263,2023-09-12,DE
264,2025-02-01,US
265,2024-09-04,DE
266,2023-07-20,CA
267,2024-07-04,DE
268,2024-04-17,CA
269,2025-03-15,DE
270,2023-09-09,JP
271,2023-06-25,DE
272,2024-04-18,UK
273,2024-01-02,UK
274,2023-11-04,CA
275,2025-04-08,UK
276,2024-05-23,US
277,2025-03-17,JP
278,2024-08-05,JP
279,2023-07-26,US
280,2023-10-06,CA
281,2024-01-11,US
282,2025-01-10,US
283,2024-10-27,JP
284,2024-10-22,DE
285,2023-12-08,JP
286,2023-09-16,JP
287,2024-03-25,UK
288,2023-08-26,US
289,2024-03-07,JP
290,2024-03-09,US
291,2023-07-26,UK
292,2024-10-03,US
293,2024-08-05,JP
294,2025-03-08,US
295,2023-08-29,UK
296,2024-05-26,DE
297,2024-09-12,US
298,2024-02-17,JP
299,2025-01-31,UK
300,2024-04-15,JP
301,2025-01-10,JP
302,2024-04-26,US
303,2025-05-31,JP
304,2024-03-12,US
305,2024-01-03,DE
306,2025-01-03,JP
307,2024-09-09,JP
308,2024-04-08,JP
309,2024-12-27,CA
310,2024-05-19,CA
311,2024-06-21,UK
312,2024-11-09,CA
313,2024-09-15,UK
314,2024-06-18,CA
315,2024-09-08,DE
316,2024-04-28,UK
317,2023-09-05,CA
318,2024-03-19,DE
319,2023-07-29,CA
320,2024-01-17,US
321,2023-10-19,US
322,2025-03-22,DE
323,2025-01-03,JP
324,2023-12-31,JP
325,2024-10-29,US
326,2023-07-13,US
327,2023-12-10,JP
328,2024-06-03,UK
329,2024-12-26,JP
330,2023-11-20,CA
331,2025-03-25,UK
332,2024-11-18,CA
333,2024-01-26,US
334,2024-09-14,UK
335,2024-11-06,CA
336,2024-09-18,CA
337,2024-02-13,UK
338,2023-07-17,DE
339,2025-01-16,JP
340,2025-01-03,CA
341,2024-10-18,JP
342,2023-10-25,JP
343,2024-03-04,US
344,2025-04-22,JP
345,2024-11-19,CA
346,2025-06-11,US
347,2024-02-19,UK
348,2024-05-14,CA
349,2024-07-04,US
350,2025-05-27,US
351,2025-04-28,JP
352,2025-04-30,UK
353,2024-06-15,CA
354,2025-01-30,CA
355,2024-07-10,JP
356,2024-02-23,UK
357,2024-04-04,CA
358,2025-03-12,UK
359,2024-03-25,CA
360,2025-06-13,JP
361,2025-04-27,DE
362,2023-11-13,CA
363,2025-05-04,US
364,2024-01-23,US
365,2023-10-19,DE
366,2025-04-15,CA
367,2023-09-21,US
368,2025-05-22,US
369,2023-09-16,CA
370,2024-03-12,UK
371,2023-11-10,CA
372,2025-05-02,UK
373,2023-09-24,DE
374,2024-04-10,JP
375,2025-01-20,DE
376,2024-03-23,JP
377,2025-01-21,US
378,2023-09-17,US
379,2023-12-26,US
380,2024-09-29,UK
381,2025-03-28,JP
382,2024-07-17,US
383,2025-01-29,CA
384,2023-07-07,JP
385,2024-04-20,JP
386,2025-01-24,UK
387,2024-09-07,DE
388,2024-08-31,UK
389,2023-11-15,US
390,2024-07-23,CA
391,2024-10-04,CA
392,2025-04-28,US
393,2023-08-27,CA
394,2024-05-01,UK
395,2023-10-28,UK
396,2024-12-19,US
397,2024-07-20,CA
398,2024-01-02,JP
399,2024-08-19,DE
400,2024-12-13,JP
401,2023-09-19,UK
402,2025-02-05,UK
403,2023-08-30,UK
404,2025-05-13,UK
405,2023-07-06,DE
406,2023-12-25,US
407,2024-02-06,UK
408,2024-05-25,CA
409,2023-08-16,DE
410,2024-02-24,UK
411,2025-03-16,CA
412,2025-05-16,UK
413,2024-06-20,US
414,2025-04-25,DE
415,2024-02-19,US
416,2024-01-07,DE
417,2024-01-10,UK
418,2023-09-02,UK
419,2025-01-19,DE
420,2025-06-14,CA
421,2024-07-21,CA
422,2024-03-18,UK
423,2024-12-15,UK
424,2024-08-27,US
425,2024-04-17,UK
426,2024-02-06,DE
427,2023-09-23,CA
428,2024-12-13,CA
429,2023-12-20,US
430,2024-10-27,CA
431,2024-12-27,CA
432,2023-09-07,JP
433,2025-01-21,DE
434,2024-07-05,JP
435,2025-02-13,CA
436,2023-08-17,US
437,2023-10-11,US
438,2023-07-01,CA
439,2024-06-26,UK
440,2024-02-22,JP
441,2023-12-30,CA
442,2024-07-11,US
443,2024-11-23,US
444,2024-05-01,JP
445,2024-07-07,DE
446,2024-02-04,CA
447,2024-03-07,CA
448,2025-03-16,DE
449,2025-01-12,JP
450,2025-02-09,JP
451,2025-02-02,US
452,2025-04-08,DE
453,2024-10-14,JP
454,2024-12-30,UK
455,2023-09-14,CA
456,2024-09-24,US
457,2025-03-19,DE
458,2025-04-08,US
459,2023-09-16,JP
460,2025-06-12,JP
461,2023-07-08,UK
462,2024-04-29,CA
463,2025-04-16,DE
464,2025-04-18,US
465,2024-12-10,CA
466,2024-09-13,JP
467,2024-02-11,CA
468,2023-12-01,US
469,2025-05-15,CA
470,2024-10-22,JP
471,2023-12-21,CA
472,2024-03-03,DE
473,2023-10-03,CA
474,2025-04-05,DE
475,2024-02-07,CA
476,2025-02-23,JP
477,2023-09-07,UK
478,2025-01-14,UK
479,2024-08-16,DE
480,2024-10-22,DE
481,2024-06-19,UK
482,2024-12-11,JP
483,2023-08-16,JP
484,2025-05-21,CA
485,2024-03-11,DE
486,2024-07-06,JP
487,2024-02-03,US
488,2024-04-28,CA
489,2023-11-04,CA
490,2023-08-27,UK
491,2024-04-28,DE
492,2024-03-03,JP
493,2023-08-20,JP
494,2023-12-15,CA
495,2023-09-29,DE
496,2025-02-28,DE
497,2023-08-09,DE
498,2024-12-20,UK
499,2024-08-28,JP
500,2023-12-12,DE
501,2024-08-06,UK
502,2023-12-16,US
503,2025-03-28,CA
504,2025-01-12,JP
505,2024-06-25,JP
506,2024-12-01,CA
507,2024-04-23,US
508,2024-02-02,UK
509,2024-04-09,CA
510,2024-08-14,UK
511,2024-11-03,UK
512,2024-10-05,UK
513,2025-03-22,US
514,2023-08-17,US
515,2025-04-01,UK
516,2024-09-11,DE
517,2024-07-11,JP
518,2023-12-03,US
519,2024-11-24,DE
520,2024-07-22,DE
521,2025-03-20,JP
522,2024-03-21,UK
523,2024-09-18,DE
524,2023-07-08,DE
525,2024-10-30,DE
526,2023-10-31,UK
527,2024-02-11,UK
528,2024-07-23,US
529,2023-07-15,US
530,2024-05-23,DE
531,2023-08-24,UK
532,2023-12-09,UK
533,2025-06-18,JP
534,2024-10-20,DE
535,2023-07-25,US
536,2023-12-31,JP
537,2023-09-09,UK
538,2023-11-06,US
539,2023-12-25,DE
540,2023-08-07,UK
541,2024-08-19,DE
542,2023-08-08,JP
543,2025-02-13,JP
544,2024-07-19,JP
545,2023-09-02,CA
546,2025-01-09,DE
547,2023-08-30,JP
548,2024-09-07,JP
549,2024-04-28,DE
550,2024-03-19,JP
551,2024-03-01,DE
552,2025-04-30,UK
553,2025-05-23,DE
554,2023-08-01,DE
555,2025-02-01,CA
556,2023-10-06,UK
557,2024-02-26,CA
558,2024-09-04,JP
559,2023-09-14,DE
560,2024-04-06,UK
561,2023-09-01,CA
562,2024-07-27,DE
563,2024-09-04,US
564,2025-03-06,CA
565,2023-07-04,UK
566,2024-11-01,CA
567,2025-04-04,CA
568,2024-01-25,CA
569,2023-11-12,JP
570,2024-11-11,US
571,2025-04-21,UK
572,2023-07-15,UK
573,2023-09-16,UK
574,2024-07-25,DE
575,2024-11-24,UK
576,2024-10-07,UK
577,2025-02-08,US
578,2024-12-08,DE
579,2024-12-29,DE
580,2024-10-02,CA
581,2023-12-12,JP
582,2023-10-14,DE
583,2025-04-25,DE
584,2025-04-12,US
585,2024-03-18,UK
586,2024-07-30,DE
587,2024-12-10,DE
588,2024-02-14,JP
589,2023-10-15,US
590,2024-05-26,JP
591,2024-12-04,DE
592,2025-02-09,DE
593,2025-04-08,US
594,2023-10-31,CA
595,2024-12-02,CA
596,2024-10-01,DE
597,2025-04-15,DE
598,2025-05-12,JP
599,2023-10-07,JP
600,2024-03-20,JP
601,2025-05-01,UK
602,2023-06-28,DE
603,2024-04-07,UK
604,2024-05-29,CA
605,2024-08-17,DE
606,2024-10-22,DE
607,2025-05-18,US
608,2023-09-07,DE
609,2025-05-31,CA
610,2023-09-27,DE
611,2023-11-06,UK
612,2025-05-17,DE
613,2024-06-10,UK
614,2023-08-20,JP
615,2024-09-22,JP
616,2023-06-25,US
617,2023-07-20,DE
618,2025-01-27,JP
619,2025-04-02,JP
620,2025-04-09,US
621,2024-01-04,US
622,2025-04-19,DE
623,2023-09-07,UK
624,2023-10-16,DE
625,2025-05-02,UK
626,2024-10-22,US
627,2024-09-24,CA
628,2024-02-06,DE
629,2024-03-26,CA
630,2024-10-09,UK
631,2025-06-03,DE
632,2024-04-23,CA
633,2024-12-08,CA
634,2024-04-24,DE
635,2023-11-21,CA
636,2025-04-26,DE
637,2025-04-11,CA
638,2023-12-05,US
639,2024-03-24,DE
640,2023-07-20,US
641,2025-01-11,JP
642,2023-10-29,US
643,2024-10-07,CA
644,2023-08-10,UK
645,2024-12-24,US
646,2025-02-19,US
647,2023-12-29,US
648,2025-03-29,UK
649,2023-10-24,UK
650,2025-01-20,US
651,2024-04-29,JP
652,2025-06-02,UK
653,2024-10-26,UK
654,2024-08-13,UK
655,2025-04-16,DE
656,2023-09-29,US
657,2025-03-17,JP
658,2023-12-25,UK
659,2024-12-28,DE
660,2024-12-15,CA
661,2023-11-14,CA
662,2024-08-02,UK
663,2023-07-09,JP
664,2023-10-01,JP
665,2024-09-20,US
666,2024-06-01,UK
667,2023-08-07,CA
668,2024-09-09,US
669,2024-01-22,JP
670,2024-02-08,US
671,2024-03-19,CA
672,2024-02-20,JP
673,2025-03-25,DE
674,2024-10-28,DE
675,2024-11-18,UK
676,2024-05-18,US
677,2023-07-28,JP
678,2024-12-09,UK
679,2024-02-11,US
680,2023-07-03,CA
681,2025-04-11,JP
682,2025-02-07,US
683,2024-12-21,JP
684,2024-02-22,US
685,2025-03-14,CA
686,2023-08-14,JP
687,2025-05-25,DE
688,2024-11-19,CA
689,2024-01-29,US
690,2023-10-04,JP
691,2023-09-05,CA
692,2023-10-05,US
693,2023-06-29,DE
694,2024-11-18,DE
695,2024-11-03,US
696,2025-01-26,DE
697,2024-08-17,CA
698,2024-10-09,DE
699,2025-01-06,UK
700,2023-09-25,DE
701,2025-06-08,UK
702,2023-09-13,JP
703,2024-07-05,CA
704,2023-08-06,JP
705,2024-02-28,JP
706,2024-10-10,DE
707,2023-12-21,DE
708,2023-10-20,DE
709,2025-06-11,JP
710,2024-02-26,CA
711,2023-12-08,CA
712,2023-07-07,UK
713,2025-05-10,US
714,2023-11-25,CA
715,2025-02-04,DE
716,2025-03-02,UK
717,2023-08-05,DE
718,2024-02-13,JP
719,2024-05-01,JP
720,2024-07-28,DE
721,2025-05-26,CA
722,2024-11-02,US
723,2024-02-03,DE
724,2024-04-27,CA
725,2023-10-26,UK
726,2025-05-16,DE
727,2023-10-01,UK
728,2023-09-17,CA
729,2025-06-08,CA
730,2024-12-21,CA
731,2025-05-04,CA
732,2023-11-27,JP
733,2024-07-03,CA
734,2024-02-12,JP
735,2023-12-19,US
736,2023-11-14,JP
737,2024-07-18,UK
738,2025-02-15,US
739,2025-02-04,UK
740,2023-09-07,DE
741,2024-06-06,DE
742,2025-02-06,JP
743,2025-06-04,UK
744,2024-06-03,DE
745,2024-11-27,DE
746,2024-11-28,DE
747,2024-01-26,US
748,2024-04-27,US
749,2025-01-22,CA
750,2024-05-25,UK
751,2023-12-03,DE
752,2024-08-23,UK
753,2024-09-04,CA
754,2024-01-06,JP
755,2025-01-26,CA
756,2023-07-23,DE
757,2023-11-23,JP
758,2024-09-18,JP
759,2025-04-15,CA
760,2023-11-04,DE
761,2024-04-11,JP
762,2024-01-05,CA
763,2024-05-15,CA
764,2024-03-26,DE
765,2025-01-07,CA
766,2024-10-25,CA
767,2024-10-19,CA
768,2025-02-08,UK
769,2025-04-13,US
770,2025-02-18,UK
771,2024-07-22,CA
772,2024-04-15,US
773,2024-05-21,JP
774,2023-07-16,UK
775,2023-08-29,UK
776,2023-07-29,UK
777,2024-03-02,DE
778,2023-10-07,CA
779,2023-08-29,JP
780,2023-07-08,JP
781,2024-05-14,JP
782,2024-07-05,CA
783,2025-01-20,US
784,2024-05-12,UK
785,2023-12-10,CA
786,2025-01-09,UK
787,2025-06-08,CA
788,2025-02-04,UK
789,2024-06-25,CA
790,2024-12-23,US
791,2024-03-19,JP
792,2024-12-01,UK
793,2023-08-24,CA
794,2024-08-03,US
795,2023-08-13,US
796,2024-11-20,JP
797,2025-01-14,CA
798,2024-12-26,UK
799,2024-01-20,DE
800,2024-10-05,US
801,2025-01-22,US
802,2024-11-15,JP
803,2024-02-19,CA
804,2024-08-05,DE
805,2025-06-04,DE
806,2024-02-12,DE
807,2025-06-07,CA
808,2025-05-06,UK
809,2024-09-12,US
810,2023-09-04,CA
811,2023-11-30,DE
812,2024-12-13,US
813,2025-04-12,US
814,2025-04-05,DE
815,2023-12-19,DE
816,2023-08-14,US
817,2024-01-12,JP
818,2025-03-20,US
819,2025-01-08,UK
820,2024-05-15,UK
821,2024-03-20,JP
822,2024-08-10,CA
823,2024-12-04,US
824,2024-11-08,UK
825,2023-07-18,US
826,2024-06-13,JP
827,2024-04-12,DE
828,2024-02-09,JP
829,2024-12-13,JP
830,2023-08-02,JP
831,2023-10-29,UK
832,2024-03-12,JP
833,2025-05-13,DE
834,2025-03-01,DE
835,2023-11-21,DE
836,2024-01-09,CA
837,2024-09-19,JP
838,2025-06-03,DE
839,2024-07-31,CA
840,2024-01-26,JP
841,2023-08-08,JP
842,2024-03-25,US
843,2024-03-08,JP
844,2024-11-05,US
845,2024-04-02,UK
846,2024-07-13,UK
847,2025-06-01,CA
848,2024-12-08,US
849,2025-02-27,UK
850,2024-01-12,UK
851,2024-11-13,UK
852,2024-05-05,JP
853,2024-06-10,US
854,2025-05-01,UK
855,2024-12-09,US
856,2024-07-22,DE
857,2023-08-15,DE
858,2025-02-11,JP
859,2023-09-12,DE
860,2023-08-10,CA
861,2024-08-03,US
862,2023-08-31,UK
863,2023-08-12,CA
864,2024-01-22,CA
865,2024-12-08,DE
866,2023-09-29,US
867,2025-02-01,UK
868,2023-10-08,CA
869,2023-12-28,JP
870,2024-07-20,UK
871,2024-02-20,DE
872,2025-04-28,US
873,2025-01-23,JP
874,2024-06-27,UK
875,2025-04-23,UK
876,2024-12-11,CA
877,2023-10-14,UK
878,2025-03-11,US
879,2024-01-07,US
880,2025-03-31,UK
881,2024-08-30,CA
882,2024-04-07,JP
883,2025-04-13,JP
884,2023-07-01,CA
885,2024-07-22,DE
886,2024-03-08,US
887,2024-11-26,DE
888,2024-12-14,CA
889,2024-04-26,DE
890,2025-03-28,CA
891,2024-05-05,JP
892,2024-11-20,JP
893,2025-01-11,DE
894,2023-07-15,DE
895,2024-03-06,US
896,2023-06-23,JP
897,2024-01-13,US
898,2024-10-11,DE
899,2023-06-22,CA
900,2025-01-25,JP
901,2025-06-09,CA
902,2024-12-26,US
903,2025-03-02,US
904,2024-07-19,UK
905,2025-03-09,JP
906,2025-02-27,JP
907,2025-02-06,US
908,2023-11-09,CA
909,2023-09-20,JP
910,2023-10-12,US
911,2023-08-15,UK
912,2024-09-20,DE
913,2025-01-15,JP
914,2024-11-05,DE
915,2024-06-29,CA
916,2024-10-08,UK
917,2024-09-22,JP
918,2024-07-30,DE
919,2024-02-21,DE
920,2024-04-09,US
921,2025-06-05,DE
922,2025-05-06,CA
923,2023-07-12,DE
924,2024-05-16,CA
925,2023-07-20,CA
926,2024-11-10,US
927,2025-02-21,UK
928,2023-06-24,CA
929,2023-08-14,DE
930,2024-07-10,DE
931,2024-07-30,CA
932,2025-01-12,DE
933,2024-12-01,JP
934,2024-05-16,US
935,2024-12-27,DE
936,2024-05-12,US
937,2024-10-23,CA
938,2023-11-06,CA
939,2025-04-11,CA
940,2025-04-16,US
941,2023-07-18,DE
942,2023-09-01,JP
943,2024-08-05,US
944,2024-11-10,JP
945,2024-05-23,DE
946,2024-05-09,DE
947,2025-03-28,US
948,2024-03-19,UK
949,2025-02-09,JP
950,2024-12-14,CA
951,2024-09-18,JP
952,2024-10-26,DE
953,2023-11-06,DE
954,2024-09-12,US
955,2025-01-17,UK
956,2025-05-04,CA
957,2024-06-12,JP
958,2024-07-04,UK
959,2023-08-13,CA
960,2024-01-14,DE
961,2023-10-01,DE
962,2024-07-02,US
963,2024-03-02,US
964,2024-09-08,JP
965,2025-02-03,UK
966,2025-03-18,UK
967,2024-05-23,CA
968,2025-04-23,JP
969,2025-01-27,US
970,2024-11-18,JP
971,2024-11-16,DE
972,2024-03-13,US
973,2025-03-04,UK
974,2024-01-17,US
975,2024-01-01,DE
976,2023-07-02,US
977,2024-05-01,UK
978,2025-01-19,DE
979,2024-10-05,CA
980,2023-12-04,JP
981,2025-02-15,CA
982,2023-09-02,DE
983,2023-11-28,DE
984,2024-08-03,DE
985,2023-08-18,UK
986,2023-08-22,DE
987,2025-05-02,JP
988,2024-08-14,UK
989,2024-02-13,DE
990,2024-11-27,UK
991,2025-04-28,JP
992,2023-08-28,JP
993,2023-06-22,UK
994,2024-01-24,US
995,2024-11-29,CA
996,2025-02-13,DE
997,2024-06-02,CA
998,2024-08-11,JP
999,2025-01-22,CA
1000,2024-08-19,US
